epoch,loss,lr,val_loss
0,0.14162851547127997,0.01,0.093261551442583634
